nome_cliente;idade_cliente;email_cliente
"Abraham M. Owen";91;pharetra.ut@nectempusmauris.net
"Adele X. Burch";37;Lorem.ipsum.dolor@porttitorinterdumSed.org
"Adilson Cardeal";27;adilson.c@itau.com.br
"Adrienne Santiago";56;est.Nunc.laoreet@eget.org
"Aimee Morse";68;sit.amet.consectetuer@mollisnon.edu
"Alyssa E. Underwood";46;et.malesuada.fames@iaculisenimsit.co.uk
"Ana Santos";20;ana.s@itau.com.br
"Anne Dudley";86;ipsum.dolor.sit@acmattis.ca
"Arsenio B. Webster";28;enim.Curabitur.massa@Inmipede.co.uk
"August V. Morris";18;neque@liberoInteger.co.uk
"Aurora M. Webb";29;litora@varius.net
"Austin W. Sweet";89;Aliquam.rutrum@ante.org
"Barbara Gay";91;varius.orci.in@orci.co.uk
"Beck Barber";25;sit.amet@doloregestasrhoncus.co.uk
"Benedict H. Combs";44;lorem.ipsum.sodales@luctusetultrices.co.uk
"Benjamin L. Kirk";72;porttitor@libero.com
"Brian A. Harmon";104;at@egestashendrerit.net
"Brock B. King";79;eget.volutpat@ac.com
"Buffy Tate";84;Duis.elementum.dui@et.com
"Cailin S. Colon";88;Vestibulum.ut.eros@dignissimmagnaa.co.uk
"Cameron P. Gray";39;enim@Sed.com
"Camilla Richard";19;magna.nec@orciUtsagittis.com
"Carol Parks";69;facilisis.non.bibendum@consectetuer.net
"Casey Chapman";66;metus@Quisque.org
"Cecilia E. Bonner";48;nec@vitae.org
"Clare Weber";59;at@amet.com
"Clark L. Newman";51;aliquet@Duis.co.uk
"Clementine Ramirez";18;aliquam.eu.accumsan@utquam.org
"Colt Y. Hunt";66;Cras.vehicula.aliquet@Sednullaante.co.uk
"Dakota K. Mcfarland";56;et@vulputatemauris.ca
"Daquan Dudley";59;sit.amet@malesuadafringillaest.co.uk
"Dara B. Velez";107;sit@purus.co.uk
"Dennis L. Spence";20;et@Nuncmauriselit.ca
"Devin P. Lewis";81;id.ante@bibendumullamcorper.edu
"Dominique Peters";33;urna.Nullam.lobortis@Suspendissecommodotincidunt.com
"Dorian X. Williams";82;Quisque.varius@volutpatnunc.org
"Driscoll Valentine";54;enim.condimentum.eget@vitaerisusDuis.org
"Dylan F. Burt";87;varius@consectetuer.org
"Dylan Welch";49;penatibus@Quisquetinciduntpede.ca
"Gay Gonzalez";41;nec.diam@dolorsitamet.co.uk
"Griffin Weeks";25;sapien.Nunc@Aliquameratvolutpat.net
"Hamilton Pierce";34;Curabitur.massa@necdiamDuis.net
"Haviva Mason";51;id.libero@venenatisamagna.edu
"Heather X. Weaver";26;Vivamus@dignissimtemporarcu.net
"India Frost";26;ipsum.Suspendisse.non@aliquet.com
"Jerome X. Perez";28;pharetra@Morbiquis.net
"Jin Beach";59;amet.orci.Ut@Etiam.com
"Kai Ortega";26;et.rutrum.non@diamPellentesquehabitant.co.uk
"Karly Barton";72;blandit.mattis.Cras@nuncsed.co.uk
"Kathleen C. Mcintyre";103;rutrum.magna@molestie.org
"Kaye X. Pena";30;Morbi.sit@aliquam.net
"Kennedy L. Barrera";80;Donec.consectetuer@dolordapibus.ca
"Kibo S. Armstrong";36;risus.Duis@egetlacus.ca
"Kylan F. Cook";60;ut.ipsum.ac@actellus.net
"Lars S. Powers";84;Lorem.ipsum@intempus.ca
"Latifah Myers";20;arcu.Morbi@ornare.org
"Lee J. Albert";108;eu.arcu@dolor.net
"Leigh Y. Holcomb";23;ac.fermentum@Sedmalesuada.edu
"Lilah I. Jimenez";73;penatibus.et@montes.co.uk
"Linus Pugh";52;molestie@ligulaconsectetuerrhoncus.edu
"Luis Santos";28;luiss@itau.com.br
"Lysandra Lloyd";30;dolor.vitae.dolor@arcuCurabiturut.net
"Maia Snider";86;ipsum.Donec.sollicitudin@Nuncac.ca
"Maite E. Keller";44;Vestibulum.ante.ipsum@adipiscingfringillaporttitor.ca
"Mariam T. Hopper";47;Aliquam.nisl.Nulla@utmi.com
"Martina Stephenson";25;Proin.eget.odio@Seddictum.edu
"Maya V. Schwartz";95;ullamcorper.magna@nuncsit.edu
"Michael Briggs";64;rhoncus.id@arcuVestibulumante.co.uk
"Mohammad F. Acosta";65;quis.massa@rutrum.ca
"Moses Moore";70;neque.sed.sem@neque.edu
"Nelle Watkins";53;malesuada.vel.venenatis@Duis.org
"Noble Mitchell";32;sit.amet.faucibus@elementumsemvitae.co.uk
"Odette D. Hammond";80;turpis.egestas.Aliquam@Curabitursedtortor.org
"Odette E. Woods";30;sagittis.lobortis@Integersemelit.ca
"Olivia W. Small";48;vitae@luctusCurabituregestas.ca
"Ora Hopper";100;eget.ipsum@ultricesVivamusrhoncus.org
"Orla V. Goff";81;ante.Maecenas@accumsanconvallisante.org
"Pamela E. Barton";37;per.inceptos.hymenaeos@nonummyFuscefermentum.org
"Pandora Duke";73;non.justo.Proin@Nullatincidunt.ca
"Phelan Graham";100;sem.Pellentesque@orci.ca
"Piper G. Howard";30;sed.pede.nec@malesuada.net
"Portia Pacheco";45;mi.ac@felisorciadipiscing.com
"Preston Fletcher";66;molestie.tellus.Aenean@eunullaat.org
"Randall Q. Moran";109;ac.feugiat@eu.edu
"Raymond K. Perkins";77;molestie@sapienAenean.ca
"Risa W. Barber";72;Nulla.eget@dignissimpharetra.co.uk
"Robin G. Gentry";67;mauris@vel.org
"Ryder Lucas";63;in.faucibus@loremluctusut.co.uk
"Sacha Walsh";57;sem@Fuscefeugiat.co.uk
"Salvador Acevedo";92;et.eros.Proin@turpisnecmauris.ca
"Salvador Conley";62;amet@nec.ca
"Sharon K. Hernandez";33;sagittis@ipsum.edu
"Sloane F. Mercado";19;sed.est.Nunc@odio.ca
"Sopoline B. Larson";34;at.fringilla.purus@euodioPhasellus.ca
"Sybil S. Andrews";94;sociis@antelectusconvallis.com
"Sylvester Norris";83;interdum.Curabitur.dictum@auctor.ca
"Tashya Wilson";97;sit@vulputatelacusCras.org
"Tate B. Carter";103;et.magnis@Vestibulumaccumsanneque.net
"Taylor Marks";54;Maecenas.malesuada@leo.com
"Teegan Graves";109;Cras.vulputate@egetnisidictum.net
"Thaina Santos";22;thaina.s@itau.com.br
"Vladimir O. Cleveland";103;odio@justoProinnon.com
"Wayne R. Saunders";23;molestie.sodales.Mauris@egetipsumSuspendisse.org
"Zorita Boyer";103;rutrum.Fusce@tellus.edu
